TF,Target,Correlation
ZFX,RPL18,-0.039805328
ZFX,RPS8,-0.039594729
ZFX,BPTF,0.037331496
ZFX,MCM7,0.035634846
ZFX,SH3BP2,0.034198447
ZFX,HNRNPH1,0.034136228
ZFX,UBE2O,0.034107339
ZFX,STIM1,0.032919187
ZFX,PLEC,0.032804164
ZFX,MED15,0.032341575
ZFX,RNU12,0.032064109
KDM5C,EZR,0.032027599
ZFX,TRIM56,0.031983985
ZFX,DDX39B,0.031789769
ZFX,TMEM63A,0.031572532
ZFX,CCDC88B,0.031552834
ZFX,ISG15,0.031335904
ZFX,ILF3,0.031332275
ZFX,AEBP1,0.031158435
ZFX,GMEB1,0.030837878
ZFX,DEGS1,0.03063752
ZFX,HERC1,0.029619378
ZFX,MAP3K2,0.029236355
ZFX,RPS2,-0.029185351
ZFX,TP53BP2,0.02907974
ZFX,NF1,0.029047705
ZFX,BACH2,0.028612123
ZFX,ZNF3,0.02799193
ZFX,PTK2,0.027954275
ZFX,ADD1,0.027524947
ZFX,DBNL,0.027266128
ZFX,SMG6,0.027005546
ZFX,TNIP1,0.026969246
ZFX,STK17A,0.026605298
ZFX,NCOR2,0.0262998
ZFX,PHYKPL,0.02616956
ZFX,GNA12,0.025824698
ZFX,ATXN2,0.025782094
ZFX,AKT2,0.025619124
ZFX,CLCN7,0.025574284
ZFX,AP1G2,0.025558213
ZFX,KLC1,0.025557438
ZFX,PARP10,0.025517531
ZFX,BRD1,0.025313799
ZFX,DUSP12,0.025310191
ZFX,ABCB8,0.025222754
ZFX,TRA2A,0.025189133
ZFX,DCTN3,0.025072383
ZFX,SCYL1,0.024787959
ZFX,RNU11,0.024548796
ZFX,C3orf17,0.024506553
ZFX,RPAP3,0.024421406
ZFX,COPS6,0.024394845
ZFX,RPL23,-0.024065206
ZFX,ABR,0.02405436
ZFX,SDCCAG3,0.023912291
ZFX,DNAJB1,0.023900188
ZFX,TTC7A,0.023881445
ZFX,NSFL1C,0.0238544
ZFX,KIAA0907,0.023814687
ZFX,ATP5A1,0.023796885
ZFX,STX16,0.023449983
ZFX,E2F4,0.023327667
ZFX,DNAJC1,0.023091568
ZFX,HNRNPAB,0.022994335
ZFX,XPO1,0.022988755
ZFX,NARF,0.022855362
ZFX,GBA2,0.022738404
ZFX,CUX1,0.02269817
ZFX,POU2F1,0.022630321
ZFX,SRP68,0.022625944
ZFX,MAPK1IP1L,0.022576981
ZFX,VPS54,0.022211442
ZFX,MR1,0.022206518
ZFX,TATDN2,0.022147815
ZFX,FCRLA,0.022047781
ZFX,POLDIP3,0.022043979
ZFX,SREBF1,0.022005508
ZFX,REPIN1,0.021939792
ZFX,NAPEPLD,0.021903071
ZFX,ELK4,0.021890125
ZFX,SQSTM1,0.021736611
ZFX,ARHGEF2,0.021671387
ZFX,ZFP36L2,0.021669149
ZFX,AZIN1,0.021579395
ZFX,TRIM4,0.021454181
ZFX,ASPSCR1,0.021321745
ZFX,CHCHD5,0.021293046
ZFX,TRPC4AP,0.021274835
ZFX,ARIH2,0.020841237
ZFX,AP4M1,0.020806421
ZFX,DUS1L,0.020723353
ZFX,STARD7,0.020643488
ZFX,GUSB,0.020611341
ZFX,MAP7D1,0.02051152
ZFX,STK40,0.020432267
ZFX,CSNK1D,0.02033963
ZFX,ILKAP,0.020304542
ZFX,UNC119,0.020296945
ZFX,ERGIC1,0.020161784
ZFX,SSRP1,0.020161085
ZFX,SBF2,0.02015334
ZFX,CARS,0.020039497
ZFX,CCDC57,0.020025357
ZFX,SIPA1,0.019956897
ZFX,SCAMP4,0.019928025
ZFX,SKIV2L2,0.019796512
ZFX,NUP98,0.019789647
ZFX,TM2D3,0.019775423
ZFX,PI4KB,0.019718926
ZFX,SMAD3,0.019697472
ZFX,IDH3A,0.019627672
ZFX,HOOK2,0.019602112
ZFX,ATP6V1G2,0.019547209
ZFX,HDAC7,0.019440234
ZFX,TECR,0.019436312
ZFX,IPO7,0.019278362
ZFX,SNHG9,0.019236341
ZFX,ZNF43,0.019144934
ZFX,FBXL5,0.018751902
ZFX,STK11,0.018733003
ZFX,RAPGEF1,0.018564728
ZFX,FBXO3,0.018539945
ZFX,APOL3,0.018441665
ZFX,RELA,0.018435307
ZFX,PFDN5,-0.018379044
ZFX,MAN2A2,0.018323403
ZFX,UTP11L,0.018279824
ZFX,RUFY1,0.018256999
ZFX,KLHL22,0.018231072
ZFX,FAM69B,0.018196528
ZFX,CWC25,0.018153164
ZFX,TFIP11,0.01804797
ZFX,YAF2,0.017815256
ZFX,DGKZ,0.017737585
ZFX,GCN1L1,0.017708082
ZFX,SNAPC4,0.017679016
ZFX,NFIX,0.017580621
ZFX,ZNF398,0.017563358
ZFX,MLH3,0.017462638
ZFX,EXOC7,0.017374304
ZFX,KHSRP,0.017341877
ZFX,IFFO2,0.017281838
ZFX,SLK,0.017175466
ZFX,RTN3,0.017146769
ZFX,SKI,0.017126679
ZFX,ILF3-AS1,0.017122552
ZFX,SUN1,0.017101307
ZFX,ZNF775,0.017089264
ZFX,ELOVL1,0.017078822
ZFX,TNRC18,0.016969061
ZFX,ZNF687,0.01696365
ZFX,IRF2BP1,0.016933176
ZFX,KPNA2,0.016919712
ZFX,YY1,0.016916614
ZFX,SLC25A12,0.016867567
ZFX,PXN,0.016741714
ZFX,CRTC3,0.016697758
ZFX,AC010883.5,0.016640347
ZFX,GTF2F1,0.016597537
ZFX,N4BP1,0.016516081
ZFX,NEAT1,0.016476695
ZFX,MTA1,0.016339614
ZFX,PLA2G6,0.01631612
ZFX,TK2,0.016269656
ZFX,SLC2A1,0.016255176
ZFX,GTF2A1,0.016222026
ZFX,NFKBIE,0.016158407
ZFX,MVP,0.016093003
ZFX,MAML1,0.016016228
ZFX,RGP1,0.016003722
ZFX,GFER,0.015986996
ZFX,HAT1,0.015971969
ZFX,TAF6,0.015934164
ZFX,HLCS,0.015905025
ZFX,BRMS1,0.015843285
ZFX,FOXK2,0.015825075
ZFX,HDAC5,0.015796875
ZFX,LSM10,0.015785609
ZFX,AAAS,0.015654081
ZFX,OBFC1,0.015613935
ZFX,LRRC8B,0.015529242
ZFX,QARS,0.015523028
ZFX,SSH1,0.015512504
ZFX,TSPAN3,0.015502422
ZFX,RP11-269F19.2,0.015490692
ZFX,HRSP12,0.015490455
ZFX,C10orf76,0.015385689
ZFX,QTRT1,0.015345925
ZFX,TLN1,0.015331824
ZFX,GPS1,0.015312718
ZFX,PPHLN1,0.015241937
ZFX,HNRNPC,0.015214751
ZFX,NAT14,0.015197873
ZFX,ZNF783,0.01518899
ZFX,PRC1,0.015177309
ZFX,KAT5,0.014997005
ZFX,CORO1C,0.014994725
ZFX,PACS2,0.014966338
ZFX,USP19,0.014893985
ZFX,SH3GL1,0.014865467
ZFX,EFCAB2,0.014696962
ZFX,ACBD4,0.014590218
ZFX,TMEM248,0.014583524
ZFX,TBC1D9B,0.014570409
ZFX,PAK2,0.014565589
ZFX,LIMK1,0.01448022
ZFX,MAZ,0.014470247
ZFX,NAP1L4,0.014352876
ZFX,BCL3,0.014349888
ZFX,EHBP1L1,0.01433515
ZFX,FAM120A,0.014253873
ZFX,CTNNA1,0.014214423
ZFX,BOD1,0.014211937
ZFX,TRAPPC6A,0.014172706
ZFX,ACOX1,0.014046115
ZFX,QRICH1,0.014040285
ZFX,WBSCR22,0.013950077
ZFX,IPP,0.013938079
ZFX,SLC4A2,0.013924612
ZFX,CTBP1,0.013869653
ZFX,ITGAE,0.013833033
ZFX,TSC22D4,0.013788258
ZFX,AC061992.2,0.013770041
ZFX,NPEPL1,0.013769723
ZFX,TRAF3,0.01376903
ZFX,GSN,0.013761335
ZFX,DENND6B,0.01368819
ZFX,GNA11,0.013543636
ZFX,LHFPL2,0.013454406
ZFX,C19orf57,0.013298572
ZFX,S100A10,-0.0132785
ZFX,SEC14L1,0.013218688
ZFX,CAMKK1,0.013172286
ZFX,HDAC4,0.013146541
ZFX,HEATR2,0.013038297
ZFX,TRAF3IP1,0.01297572
ZFX,RP11-779O18.3,-0.012952952
ZFX,CDC20,0.012872283
ZFX,ASPH,0.012868401
ZFX,CTD-3195I5.1,0.012857243
ZFX,UBE2D2,0.012849293
ZFX,PLEKHG4,0.012830906
ZFX,PCNXL3,0.012818722
ZFX,COX17,0.012745763
ZFX,AC062017.1,0.012727943
ZFX,RP11-540A21.2,0.012724172
ZFX,SEC16A,0.012645381
ZFX,KLF16,0.012545644
ZFX,PMPCA,0.012534837
ZFX,ACO1,0.01253424
ZFX,BSDC1,0.012531911
ZFX,SETD9,0.012514958
ZFX,MRPS26,0.012332571
ZFX,SSSCA1,0.012306833
ZFX,ATL3,0.012205021
ZFX,REXO1,0.012165413
ZFX,BOC,0.012114798
ZFX,TAF13,0.0121103
ZFX,GRK6,0.012042287
ZFX,TOM1L2,0.012027868
ZFX,NOS3,0.011984212
ZFX,UNC45A,0.011951558
ZFX,NLRX1,0.011951471
ZFX,TRAPPC3,0.011938792
ZFX,CREB3,0.011936068
ZFX,PTRH1,0.011892015
ZFX,ROCK2,0.011885541
ZFX,MAP3K11,0.011863154
ZFX,RP11-54O7.17,0.011705956
ZFX,MALAT1,-0.011697096
ZFX,C2orf49,0.011573472
ZFX,MGAT4B,0.011554826
ZFX,PEMT,0.011527925
ZFX,C1orf228,0.011451169
ZFX,HMGA1,0.0112905
ZFX,BCAR3,0.011166799
ZFX,RFNG,0.011109058
ZFX,YWHAG,0.011105019
ZFX,POLD2,0.01088448
ZFX,CDCA4,0.010884009
ZFX,RP11-332H14.2,0.010879891
ZFX,ZNF574,0.0108531
ZFX,PPIF,0.010790332
ZFX,PLCD3,0.010771258
ZFX,MIDN,0.010767818
ZFX,PPARD,0.010750179
ZFX,FAM200B,0.010704162
ZFX,RP11-572M11.4,0.010696961
ZFX,SH2B3,0.010672969
ZFX,KTI12,0.010659797
ZFX,ZNF598,0.010652773
ZFX,LUZP1,0.010634323
ZFX,FLOT1,0.010581085
ZFX,TRIM65,0.010579642
ZFX,C9orf69,0.010417891
ZFX,PER2,0.010389407
ZFX,PSMD8,0.010354113
ZFX,NDFIP1,0.010312807
ZFX,CCDC136,0.010253757
ZFX,TNKS1BP1,0.01024292
ZFX,FBF1,0.010226701
ZFX,MIER3,0.010216905
ZFX,NMT1,0.01021598
ZFX,POLM,0.010203631
ZFX,SNX27,0.010185232
ZFX,PUS7,0.010095099
ZFX,ZBED4,0.010053538
ZFX,UNK,0.010042253
ZFX,FAM229A,0.010016264
ZFX,HDAC1,0.009997007
ZFX,MRPS23,0.009942801
ZFX,ATP13A2,0.009862551
ZFX,AC002117.1,0.009857308
ZFX,APOPT1,0.009680743
ZFX,IFRD2,0.009650631
ZFX,TRDMT1,0.009643734
ZFX,C9orf163,0.009612564
ZFX,ELMOD3,0.009608629
ZFX,TSSK3,0.009592183
ZFX,RP1-197B17.3,0.009562772
ZFX,HEXIM1,0.009462523
ZFX,IRF2BPL,0.009404692
ZFX,ST6GALNAC6,0.009335647
ZFX,TTLL12,0.009335615
ZFX,ATP5L2,0.009323803
ZFX,C17orf85,0.009322492
ZFX,MSANTD3,0.009118618
ZFX,GALT,0.009110891
ZFX,SPHK2,0.009041657
ZFX,CEP19,0.008977577
ZFX,CYB561,0.008972221
ZFX,ZBTB45,0.008959722
ZFX,SNX9,0.008931498
ZFX,CNPY4,0.008920408
ZFX,SLC2A1-AS1,0.008911445
ZFX,MARK4,0.008896929
ZFX,KB-1507C5.2,0.008846214
ZFX,NDUFAF3,0.008783159
ZFX,JUND,-0.008734743
ZFX,DNAJC30,0.008657936
ZFX,PHF2,0.008626792
ZFX,DALRD3,0.00861642
ZFX,AC009133.12,0.008581804
ZFX,ADAT3,0.00852255
ZFX,FASTK,0.00851298
ZFX,H3F3B,-0.008470702
ZFX,AC012487.2,0.008459202
ZFX,CIB2,-0.008446356
ZFX,LIMS1,0.008333301
ZFX,KNSTRN,0.008286728
ZFX,C12orf10,0.008261683
ZFX,C17orf53,0.008259401
ZFX,PLEKHN1,0.008257659
ZFX,LTBP3,0.008141155
ZFX,CROCCP2,0.008128986
ZFX,RPP25L,0.008123995
ZFX,PIGX,0.008122766
ZFX,C5orf45,0.00805847
ZFX,GNAI2,0.00804783
ZFX,CTD-2651B20.1,-0.008035935
ZFX,CAPG,0.007974009
ZFX,ELMO2,0.00794212
ZFX,RP4-794H19.1,-0.007931701
ZFX,NPW,-0.007880502
ZFX,TREX1,0.007873115
ZFX,SLC9A5,-0.007799952
ZFX,AGAP3,0.007795333
ZFX,RP11-336K24.12,0.007762189
ZFX,HDDC3,0.007717184
ZFX,CD59,0.007715148
ZFX,ZBTB7A,0.007627329
ZFX,ANP32B,0.007612327
ZFX,PAGR1,0.007601758
ZFX,POGZ,0.007553854
ZFX,SPON2,0.007462635
ZFX,RP6-109B7.5,0.007262724
ZFX,LSM4,0.007236674
ZFX,ZGPAT,0.007174404
ZFX,SLC16A3,0.007172544
ZFX,C15orf52,0.00714603
ZFX,DLG5,-0.007054305
ZFX,C1orf86,0.007046614
ZFX,HSPG2,0.006964477
ZFX,CYB5R3,0.006963778
ZFX,GRINA,0.006881216
ZFX,SIGMAR1,0.006846949
ZFX,TNFAIP2,0.00684611
ZFX,TEX22,0.006830921
ZFX,C19orf24,0.006592833
ZFX,CRIP1,0.006519181
ZFX,CTD-3224K15.3,0.006515102
ZFX,CTA-445C9.14,0.006437391
ZFX,FAM89B,0.006407671
ZFX,HES1,0.006378704
ZFX,PDGFA,-0.006261685
ZFX,KB-1732A1.1,0.006211116
ZFX,RP11-7F17.5,-0.006180526
ZFX,SBF2-AS1,0.006143025
ZFX,ZNF76,0.006123256
ZFX,ITGB4,0.006033694
ZFX,NINJ1,0.006020681
ZFX,APITD1,0.005969751
ZFX,TMEM184B,0.005909426
ZFX,PTP4A2,0.00589
ZFX,IER3,-0.005874014
ZFX,ZACN,0.005814895
ZFX,AC090587.5,-0.005797964
ZFX,UBE2Q2,0.00578583
ZFX,BLOC1S3,0.005770166
ZFX,U73166.2,0.005760258
ZFX,PRR7-AS1,-0.005745387
ZFX,ULK2,-0.005741577
ZFX,MICALL1,0.005678903
ZFX,LOXL1-AS1,-0.005588867
ZFX,KLHL17,0.005508452
ZFX,NFKBIL1,0.005498694
ZFX,CROCC,0.005494922
ZFX,MPST,0.005487677
ZFX,MED9,0.005449285
ZFX,SHF,-0.005370228
ZFX,UCP2,0.005358845
ZFX,PPAPDC3,0.005299111
ZFX,ZNF628,0.00523862
ZFX,TST,0.005232625
ZFX,FAM98C,0.005214795
ZFX,PLXNB2,0.005180488
ZFX,S100A11,0.005154255
ZFX,PXN-AS1,0.005122653
ZFX,BAIAP2,0.005081255
ZFX,SSC5D,0.005067813
ZFX,ATG9B,0.005002776
ZFX,INPP5E,0.004988606
ZFX,RP1-92O14.3,0.004925077
ZFX,DUSP1,-0.004890426
ZFX,CTD-3224K15.2,0.004884478
ZFX,RP13-516M14.2,-0.004877691
ZFX,ISPD,0.004827648
ZFX,RXRA,0.004752157
ZFX,DDX39B-AS1,0.004744631
ZFX,FHL3,-0.004723497
ZFX,CTC-241N9.1,-0.004671794
ZFX,MOK,0.004592476
ZFX,ZSWIM4,0.004456521
ZFX,TMEM121,0.004452793
ZFX,PARVB,0.004445613
ZFX,PDLIM7,0.004430711
ZFX,RCCD1,0.004359195
ZFX,ZFP36L1,0.004297572
ZFX,CRIP2,-0.004234738
ZFX,RHOG,-0.004191408
ZFX,BIN1,-0.004184122
ZFX,FAM109A,0.00417885
ZFX,RP4-736L20.3,-0.004128414
ZFX,RRM2,0.004112764
ZFX,TTC16,-0.004095572
ZFX,XXbac-BPG252P9.10,0.00408006
ZFX,ARFRP1,0.004032422
ZFX,C17orf58,0.004032252
ZFX,BTBD19,-0.004013846
ZFX,CTD-3195I5.5,0.003902906
ZFX,FZR1,0.003854008
ZFX,RALGDS,0.003810172
ZFX,KIF22,0.003797094
ZFX,INF2,0.00374408
ZFX,PPP1R35,0.003662336
ZFX,RP11-404E16.1,0.003646257
ZFX,CD44,-0.003637332
ZFX,CHAF1A,0.003627817
ZFX,C14orf80,0.003578993
ZFX,ASAP2,-0.003578684
ZFX,STX1A,0.003575698
ZFX,DNLZ,0.003516803
ZFX,WWTR1,-0.003504892
ZFX,AP000704.5,-0.003470815
ZFX,RP13-20L14.6,0.003452008
ZFX,POP1,0.003436278
ZFX,RAI1,0.003423199
ZFX,XXYLT1,0.003337516
ZFX,RP11-539I5.1,-0.003316441
ZFX,CIRBP,-0.00325095
ZFX,ASIC3,0.003182601
ZFX,MIR24-2,-0.003111788
ZFX,PFN2,0.003089318
ZFX,AC012442.6,0.003072892
ZFX,RP11-923I11.6,0.003048746
ZFX,SSSCA1-AS1,0.003032222
ZFX,HES4,-0.002985103
ZFX,MAFF,0.002953129
ZFX,KB-1254G8.1,0.002931341
ZFX,RP11-135A1.2,0.002733507
ZFX,PXDN,0.002652783
ZFX,IL11RA,0.00262782
ZFX,TGFBRAP1,0.002583476
ZFX,ZFAND2A,-0.002576417
ZFX,RP1-202O8.3,0.002560045
ZFX,RP11-758P17.3,0.002546838
ZFX,LINC00511,0.002428998
ZFX,RTEL1,-0.002425581
ZFX,RP11-521B24.3,-0.002424728
ZFX,RP11-254F7.4,-0.00239664
ZFX,TRIM47,0.00238635
ZFX,LMNA,0.002381311
ZFX,RP11-552F3.10,-0.002312819
ZFX,EIF3L,-0.002266525
ZFX,CCDC85C,-0.002230038
ZFX,ATP5D,0.002108416
ZFX,CHKA,-0.002101801
ZFX,AANAT,-0.002083857
ZFX,ZNF282,0.002083394
ZFX,MRPL38,-0.00199074
ZFX,NBPF18P,-0.001935616
ZFX,MBLAC1,0.0019309
ZFX,C14orf79,0.00192443
ZFX,AC091729.9,0.001880798
ZFX,MICAL2,0.001875488
ZFX,ABHD11,0.001834394
ZFX,PRRT2,-0.001831547
ZFX,RP11-506M12.1,0.00180013
ZFX,AC012360.4,0.001722309
ZFX,RASA3,0.001718318
ZFX,TEN1,0.001674652
ZFX,ZNF74,0.001657373
ZFX,RP11-114N19.3,-0.001645223
ZFX,AC068831.6,0.001636199
ZFX,C9orf89,-0.001605586
ZFX,RP11-126K1.2,0.00155731
ZFX,MSMP,-0.001545425
ZFX,NACC2,0.001460853
ZFX,RP11-638I2.4,0.001442227
ZFX,ACOT7,-0.001436705
ZFX,SERPINH1,0.001411033
ZFX,TMUB1,0.001342615
ZFX,RP3-522J7.6,-0.001334116
ZFX,FAM210B,-0.001304275
ZFX,MON1A,-0.001115902
ZFX,AL590822.1,0.001097254
ZFX,OSCP1,0.001037287
ZFX,PHLDB1,0.001003149
ZFX,SNHG7,9.89E-04
ZFX,GALR2,9.18E-04
ZFX,RAB36,-8.51E-04
ZFX,SLC45A3,-7.74E-04
ZFX,ZBED3-AS1,7.38E-04
ZFX,IRF2BP2,-7.23E-04
ZFX,ALDH1B1,6.57E-04
ZFX,RPLP0,-6.39E-04
ZFX,AC009133.15,-6.15E-04
ZFX,HIC1,-5.61E-04
ZFX,PRR7,5.55E-04
ZFX,GPRC5C,5.15E-04
ZFX,ZNF446,3.98E-04
ZFX,TBL3,3.83E-04
ZFX,PGAP2,-3.32E-04
ZFX,STX16-NPEPL1,-2.88E-04
ZFX,RP4-781K5.2,-2.61E-04
ZFX,RP4-534N18.2,-2.53E-04
ZFX,AC068282.3,1.42E-04
ZFX,SYNGR3,1.13E-04
ZFX,CXXC5,-9.91E-05
ZFX,RP11-680A11.5,9.43E-05
ZFX,MDK,-9.01E-05
ZFX,AP000769.7,-5.20E-05
ZFX,FAM129B,-4.48E-05
